Identifier,Month,Year,HvacMode,CalendarEvent,City,Temperature_ctrl_ave,TemperatureExpectedCool_ave,TemperatureExpectedHeat_ave,Age_of_Home__years_,allowCompWithAux,Has_Electric,Has_a_Heat_Pump
0404ace1bcdf88d917bd860a04cd6c66fb51679f,jul,2020,heat,hold,Homer,718.741935483871,710.0,710.0,0.0,True,False,False
0e0d17a6d14f69ec9ccaa6e561c3d01e409ee183,jul,2020,heat,hold,Anchorage,710.6353711790393,717.7467248908297,716.089519650655,20.0,False,False,False
1544f3165814ae017488964fc29ae302bba75bb7,jul,2020,heat,auto,juneau,710.1111111111111,670.0,670.0,27.0,False,False,False
1544f3165814ae017488964fc29ae302bba75bb7,jul,2020,heat,hold,juneau,671.9733333333334,670.0,670.0,27.0,False,False,False
2678ac2aec9a1f53acad226c2c437efd25ea7dc8,jul,2020,heat,auto,Bethel,704.3820512820513,660.0,660.0,10.0,False,False,False
31ec2a66ddeac26df7dbbeffa7f98c4e2de26aff,jul,2020,heat,hold,Anchorage,681.0714285714286,670.0,670.0,25.0,False,False,False
995e1c96a74ee2cb3509db751eb6310b63e5aa94,jul,2020,heat,hold,Anchorage,719.0927390366643,714.491013659238,714.491013659238,35.0,False,False,False
a988392d2cf43e32b9b458db27ccb5cc50f335ac,jul,2020,heat,auto,Anchorage,630.875,655.625,637.375,30.0,False,False,False
de96ad05755fc1e2697dff5f2548474733554565,jul,2020,heat,auto,Anchorage,654.75,680.0,680.0,30.0,False,False,False
de96ad05755fc1e2697dff5f2548474733554565,jul,2020,heat,hold,Anchorage,666.3333333333334,658.0,658.0,30.0,False,False,False
df7ad0ff0b54c69d3f2cdeda3b12bff79713d572,jul,2020,heat,auto,juneau,688.8844086021505,720.0,690.0940860215054,27.0,False,False,False
e607ef283e0f21c02dcd7df409ee3e764d229b79,jul,2020,heat,hold,Juneau,713.258064516129,690.0,690.0,50.0,False,False,False
