Identifier,Month,Year,HvacMode,CalendarEvent,City,Temperature_ctrl,TemperatureExpectedCool,TemperatureExpectedHeat,Age_of_Home__years_,allowCompWithAux,Has_Electric,Has_a_Heat_Pump
89cd44ef0cbcfb409aa19adbaaf37e92412bbbee,aug,2019,auto,hold,Honolulu,781.953125,780.5364583333334,450.0,10.0,False,False,True
89cd44ef0cbcfb409aa19adbaaf37e92412bbbee,aug,2019,cool,hold,Honolulu,780.0521628498727,777.4262086513995,777.0699745547074,10.0,False,False,True
8cae7a3896eb4a1fa353dc08272e798ae90ae6d5,aug,2019,cool,auto,Honolulu,820.6666666666666,777.0,774.3333333333334,0.0,False,False,False
8cae7a3896eb4a1fa353dc08272e798ae90ae6d5,aug,2019,cool,hold,Honolulu,806.6684491978609,773.2299465240642,772.4211229946524,0.0,False,False,False
b7cf4669f7955cafef86f711f0f42ff934bf1308,aug,2019,cool,hold,Honolulu,776.1698113207547,780.0,780.0,9.0,False,False,True
d38b4c05deefc3fee27d40ae32f583e408d5f318,aug,2019,cool,auto,Honolulu,732.1002425222312,725.6006467259499,725.6006467259499,5.0,False,False,True
d38b4c05deefc3fee27d40ae32f583e408d5f318,aug,2019,cool,hold,Honolulu,738.5734265734266,730.6818181818181,713.986013986014,5.0,False,False,True
